{
    "primary_color_back":[0.1372254901961,0.1372254901961,0.176470588235,1],
    "primary_color_red_button":[0.9,0.6,0.6,1],
    "primary_color_green_button":[0.6,0.9,0.6,1]
}