{
    "color_lite":[0.333333333333,0.333333333333,0.372549019608,1],
    "color_dark":[0.1372254901961,0.1372254901961,0.176470588235,1],
    "button_negativo":[0.9,0.6,0.6,1],
    "button_positivo":[0.6,0.9,0.6,1]
}